Order ID,Date,Product Name,Category,Brand,Quantity Sold,Unit Price,Total Sales,Discount,Customer Name,Region
O1000,01-01-2023,Headphones,Electronics,HP,1,1000.00,1000.00,5,Maria Garcia,North
O1001,02-01-2023,Charger,Electronics,Dell,2,2000.00,4000.00,5,Wei Chen,West
O1002,03-01-2023,Tablet,Electronics,Samsung,1,2000.00,2000.00,0,John Doe,South
O1003,04-01-2023,Charger,Electronics,Apple,1,1500.00,1500.00,10,John Doe,East
O1004,05-01-2023,Charger,Electronics,HP,2,1500.00,3000.00,10,Jane Smith,North
O1005,06-01-2023,Phone,Electronics,Dell,1,2000.00,2000.00,0,Wei Chen,South
O1006,07-01-2023,Tablet,Electronics,Lenovo,1,2000.00,1000.00,0,John Doe,North
O1007,08-01-2023,Tablet,Electronics,Samsung,1,1000.00,1000.00,0,Ali Khan,North
O1008,09-01-2023,Tablet,Electronics,HP,1,1000.00,2000.00,0,Wei Chen,South
O1009,10-01-2023,Charger,Electronics,HP,1,1500.00,1500.00,0,Ali Khan,South
O1010,11-01-2023,Headphones,Electronics,Apple,2,500.00,3000.00,0,Ali Khan,East
O1011,12-01-2023,Tablet,Electronics,Apple,3,2000.00,6000.00,0,John Doe,East
O1012,13-01-2023,Charger,Electronics,Lenovo,1,1000.00,1000.00,0,Wei Chen,North
O1013,14-01-2023,Phone,Electronics,Lenovo,2,1500.00,3000.00,10,Maria Garcia,South
O1014,15-01-2023,Headphones,Electronics,Dell,2,1000.00,2000.00,5,John Doe,South
O1015,16-01-2023,Phone,Electronics,Dell,1,2000.00,2000.00,5,John Doe,East
O1016,17-01-2023,Headphones,Electronics,Lenovo,3,2000.00,6000.00,5,Wei Chen,North
O1017,18-01-2023,Charger,Electronics,Lenovo,3,1000.00,6000.00,0,Wei Chen,North
O1018,19-01-2023,Laptop,Electronics,Samsung,1,500.00,1000.00,0,Ali Khan,West
O1019,20-01-2023,Headphones,Electronics,Apple,1,2000.00,3000.00,10,Wei Chen,East
O1020,21-01-2023,Phone,Electronics,Dell,1,1500.00,1500.00,5,Ali Khan,West
O1021,22-01-2023,Charger,Electronics,Apple,2,1000.00,2000.00,5,John Doe,East
O1022,23-01-2023,Headphones,Electronics,Apple,1,1500.00,1500.00,0,Jane Smith,North
O1023,24-01-2023,Laptop,Electronics,Lenovo,3,2000.00,6000.00,10,Maria Garcia,South
O1024,25-01-2023,Laptop,Electronics,Samsung,1,1000.00,1000.00,5,John Doe,North
O1025,26-01-2023,Tablet,Electronics,HP,2,1000.00,3000.00,5,Wei Chen,East
O1026,27-01-2023,Tablet,Electronics,Samsung,1,1500.00,1500.00,5,Maria Garcia,South
O1027,28-01-2023,Phone,Electronics,Samsung,2,1500.00,3000.00,10,Jane Smith,North
O1028,29-01-2023,Headphones,Electronics,Apple,2,2000.00,4000.00,10,Jane Smith,North
O1029,30-01-2023,Headphones,Electronics,Samsung,3,1000.00,6000.00,10,Ali Khan,West
O1030,31-01-2023,Tablet,Electronics,Dell,2,1000.00,2000.00,10,Maria Garcia,East
O1031,01-02-2023,Headphones,Electronics,Apple,2,1500.00,3000.00,0,Ali Khan,East
O1032,02-02-2023,Headphones,Electronics,Dell,1,2000.00,1500.00,10,John Doe,North
O1033,03-02-2023,Laptop,Electronics,HP,1,500.00,500.00,5,Maria Garcia,North
O1034,04-02-2023,Tablet,Electronics,Apple,2,1500.00,4000.00,5,John Doe,South
O1035,05-02-2023,Charger,Electronics,HP,1,1500.00,1500.00,0,Ali Khan,North
O1036,06-02-2023,Tablet,Electronics,Apple,1,2000.00,2000.00,5,Maria Garcia,North
O1037,07-02-2023,Charger,Electronics,Lenovo,2,1000.00,2000.00,5,Ali Khan,North
O1038,08-02-2023,Laptop,Electronics,Samsung,3,1500.00,4500.00,10,Maria Garcia,North
O1039,09-02-2023,Phone,Electronics,Lenovo,1,1500.00,1500.00,5,Ali Khan,North
O1040,10-02-2023,Headphones,Electronics,HP,3,2000.00,4000.00,0,Jane Smith,West
O1041,11-02-2023,Laptop,Electronics,Samsung,1,1000.00,1500.00,10,Ali Khan,North
O1042,12-02-2023,Headphones,Electronics,Apple,1,500.00,500.00,10,Jane Smith,East
O1043,13-02-2023,Phone,Electronics,Samsung,2,2000.00,2000.00,10,Ali Khan,South
O1044,14-02-2023,Phone,Electronics,Dell,3,500.00,4500.00,0,Maria Garcia,West
O1045,15-02-2023,Laptop,Electronics,Samsung,1,2000.00,1500.00,10,Maria Garcia,East
O1046,16-02-2023,Phone,Electronics,Dell,3,1000.00,3000.00,10,Maria Garcia,North
O1047,17-02-2023,Charger,Electronics,Samsung,2,1000.00,1500.00,0,Wei Chen,North
O1048,18-02-2023,Phone,Electronics,Dell,1,2000.00,2000.00,10,John Doe,North
O1049,19-02-2023,Headphones,Electronics,HP,1,2000.00,2000.00,0,Maria Garcia,South
O1050,20-02-2023,Headphones,Electronics,Lenovo,1,2000.00,2000.00,0,Jane Smith,West
O1051,21-02-2023,Headphones,Electronics,Apple,3,2000.00,6000.00,0,Maria Garcia,West
O1052,22-02-2023,Headphones,Electronics,Samsung,3,2000.00,3000.00,5,Wei Chen,South
O1053,23-02-2023,Charger,Electronics,Lenovo,2,2000.00,4000.00,5,Jane Smith,East
O1054,24-02-2023,Tablet,Electronics,Apple,3,2000.00,6000.00,10,Wei Chen,East
O1055,25-02-2023,Laptop,Electronics,Apple,1,1000.00,2000.00,10,Jane Smith,West
O1056,26-02-2023,Headphones,Electronics,Dell,3,500.00,1500.00,10,Ali Khan,West
O1057,27-02-2023,Phone,Electronics,HP,2,1500.00,3000.00,10,John Doe,North
O1058,28-02-2023,Headphones,Electronics,HP,3,500.00,3000.00,10,John Doe,East
O1059,01-03-2023,Phone,Electronics,Lenovo,3,2000.00,6000.00,0,Wei Chen,South
O1060,02-03-2023,Phone,Electronics,HP,2,1000.00,2000.00,0,John Doe,East
O1061,03-03-2023,Headphones,Electronics,Samsung,1,500.00,2000.00,0,Wei Chen,North
O1062,04-03-2023,Charger,Electronics,HP,2,1000.00,2000.00,10,Wei Chen,West
O1063,05-03-2023,Phone,Electronics,Lenovo,1,2000.00,2000.00,10,Wei Chen,West
O1064,06-03-2023,Phone,Electronics,HP,3,1000.00,3000.00,0,John Doe,North
O1065,07-03-2023,Headphones,Electronics,Samsung,3,1000.00,6000.00,0,Wei Chen,South
O1066,08-03-2023,Phone,Electronics,Dell,2,2000.00,2000.00,10,John Doe,West
O1067,09-03-2023,Phone,Electronics,Lenovo,3,1000.00,3000.00,10,Wei Chen,North
O1068,10-03-2023,Headphones,Electronics,Dell,2,1500.00,2000.00,10,Maria Garcia,West
O1069,11-03-2023,Headphones,Electronics,Dell,1,1500.00,2000.00,0,Wei Chen,North
O1070,12-03-2023,Laptop,Electronics,Dell,1,1000.00,1000.00,0,Jane Smith,North
O1071,13-03-2023,Charger,Electronics,Apple,3,2000.00,6000.00,0,Wei Chen,North
O1072,14-03-2023,Charger,Electronics,Apple,2,2000.00,4000.00,0,Ali Khan,West
O1073,15-03-2023,Phone,Electronics,Dell,1,1500.00,1500.00,5,Wei Chen,East
O1074,16-03-2023,Charger,Electronics,Lenovo,3,1500.00,2000.00,10,Jane Smith,North
O1075,17-03-2023,Phone,Electronics,Samsung,1,1000.00,1000.00,5,Jane Smith,South
O1076,18-03-2023,Laptop,Electronics,Samsung,2,2000.00,1000.00,10,John Doe,West
O1077,19-03-2023,Headphones,Electronics,HP,2,500.00,1000.00,0,Maria Garcia,South
O1078,20-03-2023,Headphones,Electronics,Lenovo,3,1500.00,4500.00,0,Wei Chen,West
O1079,21-03-2023,Headphones,Electronics,Apple,2,1000.00,2000.00,10,John Doe,East
O1080,22-03-2023,Charger,Electronics,Dell,1,2000.00,2000.00,5,Maria Garcia,East
O1081,23-03-2023,Laptop,Electronics,HP,2,1000.00,2000.00,5,Wei Chen,East
O1082,24-03-2023,Charger,Electronics,Samsung,1,2000.00,2000.00,0,Ali Khan,East
O1083,25-03-2023,Charger,Electronics,Apple,1,1000.00,1000.00,10,Wei Chen,North
O1084,26-03-2023,Laptop,Electronics,Apple,2,1000.00,4500.00,10,Jane Smith,North
O1085,27-03-2023,Laptop,Electronics,Dell,3,1500.00,2000.00,10,Jane Smith,North
O1086,28-03-2023,Laptop,Electronics,Samsung,1,1500.00,2000.00,10,Ali Khan,South
O1087,29-03-2023,Laptop,Electronics,Lenovo,2,500.00,1000.00,5,John Doe,West
O1088,30-03-2023,Headphones,Electronics,Apple,1,2000.00,2000.00,5,Maria Garcia,West
O1089,31-03-2023,Tablet,Electronics,Dell,1,2000.00,1000.00,10,Wei Chen,North
O1090,01-04-2023,Tablet,Electronics,Lenovo,2,500.00,1000.00,0,Jane Smith,West
O1091,02-04-2023,Laptop,Electronics,Samsung,3,2000.00,6000.00,0,John Doe,North
O1092,03-04-2023,Tablet,Electronics,Apple,3,1000.00,3000.00,5,Ali Khan,North
O1093,04-04-2023,Tablet,Electronics,Lenovo,1,500.00,500.00,0,Jane Smith,South
O1094,05-04-2023,Laptop,Electronics,Lenovo,1,1500.00,1500.00,5,Ali Khan,North
O1095,06-04-2023,Tablet,Electronics,Lenovo,3,500.00,1500.00,10,Wei Chen,East
O1096,07-04-2023,Charger,Electronics,Apple,2,500.00,1000.00,5,Maria Garcia,East
O1097,08-04-2023,Phone,Electronics,Apple,2,2000.00,4000.00,5,Jane Smith,East
O1098,09-04-2023,Phone,Electronics,HP,1,1000.00,1000.00,10,Jane Smith,North
O1099,10-04-2023,Laptop,Electronics,Samsung,1,1500.00,1500.00,0,Wei Chen,West
O1100,11-04-2023,Headphones,Electronics,Dell,3,1000.00,1500.00,5,John Doe,South
O1101,12-04-2023,Laptop,Electronics,Lenovo,2,1000.00,1500.00,5,Maria Garcia,East
O1102,13-04-2023,Headphones,Electronics,HP,3,500.00,1500.00,10,Jane Smith,East
O1103,14-04-2023,Phone,Electronics,Dell,2,2000.00,4000.00,0,Maria Garcia,East
O1104,15-04-2023,Laptop,Electronics,HP,2,2000.00,4000.00,5,Jane Smith,South
O1105,16-04-2023,Charger,Electronics,Apple,2,2000.00,1500.00,10,Maria Garcia,East
O1106,17-04-2023,Tablet,Electronics,Lenovo,1,1500.00,1500.00,5,Ali Khan,South
O1107,18-04-2023,Headphones,Electronics,Dell,2,1000.00,1500.00,5,Jane Smith,East
O1108,19-04-2023,Tablet,Electronics,Dell,3,1500.00,4500.00,10,Maria Garcia,North
O1109,20-04-2023,Tablet,Electronics,Dell,2,1000.00,4000.00,0,John Doe,North
O1110,21-04-2023,Laptop,Electronics,Dell,3,500.00,4000.00,0,Ali Khan,South
O1111,22-04-2023,Tablet,Electronics,Dell,2,1000.00,2000.00,0,Ali Khan,North
O1112,23-04-2023,Charger,Electronics,HP,1,2000.00,2000.00,0,John Doe,South
O1113,24-04-2023,Tablet,Electronics,Lenovo,2,500.00,1500.00,5,Maria Garcia,North
O1114,25-04-2023,Laptop,Electronics,Apple,1,500.00,500.00,5,Wei Chen,North
O1115,26-04-2023,Charger,Electronics,Apple,3,1000.00,4000.00,0,John Doe,South
O1116,27-04-2023,Phone,Electronics,Apple,1,2000.00,2000.00,0,Maria Garcia,West
O1117,28-04-2023,Tablet,Electronics,Apple,1,1500.00,1500.00,0,John Doe,North
O1118,29-04-2023,Laptop,Electronics,HP,1,2000.00,2000.00,5,John Doe,East
O1119,30-04-2023,Phone,Electronics,Samsung,2,500.00,1000.00,0,Jane Smith,West
O1120,01-05-2023,Phone,Electronics,Lenovo,1,500.00,500.00,0,Maria Garcia,South
O1121,02-05-2023,Headphones,Electronics,Dell,2,2000.00,4000.00,0,Wei Chen,West
O1122,03-05-2023,Charger,Electronics,Samsung,3,2000.00,6000.00,0,Jane Smith,North
O1123,04-05-2023,Tablet,Electronics,Apple,1,500.00,500.00,0,John Doe,North
O1124,05-05-2023,Laptop,Electronics,Samsung,1,1500.00,2000.00,10,John Doe,North
O1125,06-05-2023,Headphones,Electronics,Lenovo,3,1500.00,1000.00,0,John Doe,North
O1126,07-05-2023,Charger,Electronics,Dell,3,1000.00,500.00,0,Maria Garcia,East
O1127,08-05-2023,Headphones,Electronics,Dell,2,2000.00,4000.00,10,Maria Garcia,West
O1128,09-05-2023,Charger,Electronics,Lenovo,1,1000.00,6000.00,10,Jane Smith,North
O1129,10-05-2023,Charger,Electronics,Lenovo,1,500.00,500.00,0,Wei Chen,North
O1130,11-05-2023,Tablet,Electronics,Apple,3,500.00,1500.00,0,Jane Smith,West
O1131,12-05-2023,Charger,Electronics,Dell,1,2000.00,2000.00,0,Ali Khan,North
O1132,13-05-2023,Headphones,Electronics,Samsung,2,2000.00,4000.00,10,John Doe,North
O1133,14-05-2023,Charger,Electronics,HP,2,2000.00,4000.00,0,John Doe,North
O1134,15-05-2023,Tablet,Electronics,HP,2,1500.00,3000.00,5,John Doe,North
O1135,16-05-2023,Tablet,Electronics,Lenovo,1,2000.00,500.00,5,Jane Smith,North
O1136,17-05-2023,Headphones,Electronics,Apple,3,2000.00,6000.00,5,Jane Smith,South
O1137,18-05-2023,Phone,Electronics,HP,1,1000.00,2000.00,5,John Doe,North
O1138,19-05-2023,Phone,Electronics,Dell,1,1000.00,1000.00,5,Jane Smith,North
O1139,20-05-2023,Charger,Electronics,Lenovo,1,500.00,500.00,5,Maria Garcia,East
O1140,21-05-2023,Laptop,Electronics,Samsung,3,500.00,3000.00,5,Maria Garcia,East
O1141,22-05-2023,Charger,Electronics,Lenovo,3,2000.00,6000.00,5,Jane Smith,East
O1142,23-05-2023,Headphones,Electronics,Samsung,2,1000.00,2000.00,5,John Doe,South
O1143,24-05-2023,Headphones,Electronics,Lenovo,1,1000.00,2000.00,10,Jane Smith,South
O1144,25-05-2023,Headphones,Electronics,Lenovo,1,500.00,1000.00,0,Jane Smith,North
O1145,26-05-2023,Headphones,Electronics,Lenovo,3,1500.00,4500.00,0,Jane Smith,East
O1146,27-05-2023,Headphones,Electronics,Samsung,2,500.00,3000.00,0,Ali Khan,South
O1147,28-05-2023,Tablet,Electronics,Samsung,3,500.00,6000.00,0,Maria Garcia,North
O1148,29-05-2023,Phone,Electronics,Lenovo,3,1500.00,4500.00,5,Wei Chen,North
O1149,30-05-2023,Headphones,Electronics,HP,1,2000.00,2000.00,5,Wei Chen,West
O1150,31-05-2023,Laptop,Electronics,Apple,1,500.00,1000.00,0,Ali Khan,North
O1151,01-06-2023,Laptop,Electronics,Apple,2,500.00,1000.00,5,Jane Smith,West
O1152,02-06-2023,Laptop,Electronics,Apple,2,1500.00,3000.00,0,Ali Khan,East
O1153,03-06-2023,Laptop,Electronics,Samsung,2,2000.00,4000.00,0,Ali Khan,West
O1154,04-06-2023,Tablet,Electronics,Samsung,1,1000.00,1000.00,0,John Doe,East
O1155,05-06-2023,Laptop,Electronics,HP,1,2000.00,2000.00,0,Maria Garcia,North
O1156,06-06-2023,Headphones,Electronics,Apple,1,500.00,1000.00,0,Wei Chen,West
O1157,07-06-2023,Charger,Electronics,Apple,1,1000.00,1000.00,0,Jane Smith,North
O1158,08-06-2023,Laptop,Electronics,Lenovo,2,1500.00,3000.00,0,Wei Chen,East
O1159,09-06-2023,Tablet,Electronics,Samsung,1,1500.00,1500.00,0,Wei Chen,North
O1160,10-06-2023,Tablet,Electronics,Apple,1,1000.00,1000.00,0,Maria Garcia,South
O1161,11-06-2023,Laptop,Electronics,HP,1,500.00,500.00,5,Wei Chen,East
O1162,12-06-2023,Charger,Electronics,HP,2,1000.00,2000.00,5,Wei Chen,West
O1163,13-06-2023,Laptop,Electronics,Apple,1,500.00,1000.00,5,Ali Khan,East
O1164,14-06-2023,Tablet,Electronics,Samsung,1,500.00,500.00,0,Maria Garcia,North
O1165,15-06-2023,Phone,Electronics,HP,1,1500.00,1500.00,0,John Doe,North
O1166,16-06-2023,Headphones,Electronics,Lenovo,2,1000.00,2000.00,5,Jane Smith,East
O1167,17-06-2023,Tablet,Electronics,HP,1,2000.00,2000.00,5,Wei Chen,West
O1168,18-06-2023,Laptop,Electronics,Dell,3,2000.00,6000.00,5,Jane Smith,South
O1169,19-06-2023,Headphones,Electronics,Dell,2,1500.00,1000.00,5,John Doe,North
O1170,20-06-2023,Laptop,Electronics,Samsung,3,2000.00,6000.00,5,Jane Smith,South
O1171,21-06-2023,Laptop,Electronics,Apple,1,1000.00,1500.00,5,John Doe,East
O1172,22-06-2023,Phone,Electronics,Samsung,2,1000.00,2000.00,0,Ali Khan,North
O1173,23-06-2023,Headphones,Electronics,Samsung,2,2000.00,4000.00,0,Wei Chen,North
O1174,24-06-2023,Headphones,Electronics,Samsung,3,1000.00,6000.00,10,John Doe,West
O1175,25-06-2023,Phone,Electronics,Samsung,3,1500.00,1000.00,10,Jane Smith,North
O1176,26-06-2023,Tablet,Electronics,Lenovo,1,500.00,500.00,5,Wei Chen,North
O1177,27-06-2023,Laptop,Electronics,Lenovo,1,1000.00,1500.00,5,Ali Khan,North
O1178,28-06-2023,Charger,Electronics,HP,1,500.00,2000.00,10,Wei Chen,West
O1179,29-06-2023,Laptop,Electronics,Dell,2,1000.00,2000.00,5,John Doe,East
O1180,30-06-2023,Laptop,Electronics,Samsung,3,500.00,6000.00,5,Ali Khan,East
O1181,01-07-2023,Tablet,Electronics,HP,3,1000.00,3000.00,0,Jane Smith,North
O1182,02-07-2023,Laptop,Electronics,Dell,1,1500.00,500.00,10,Ali Khan,South
O1183,03-07-2023,Phone,Electronics,Apple,1,1000.00,1500.00,0,Ali Khan,East
O1184,04-07-2023,Phone,Electronics,Lenovo,1,1000.00,2000.00,0,Maria Garcia,North
O1185,05-07-2023,Headphones,Electronics,Dell,1,1000.00,1000.00,10,Ali Khan,West
O1186,06-07-2023,Charger,Electronics,Apple,3,500.00,1500.00,10,Ali Khan,North
O1187,07-07-2023,Laptop,Electronics,Dell,3,1000.00,3000.00,0,Wei Chen,East
O1188,08-07-2023,Laptop,Electronics,Lenovo,1,500.00,500.00,10,Jane Smith,West
O1189,09-07-2023,Tablet,Electronics,Lenovo,1,2000.00,2000.00,0,Wei Chen,North
O1190,10-07-2023,Phone,Electronics,HP,1,1500.00,1500.00,0,Wei Chen,North
O1191,11-07-2023,Charger,Electronics,Samsung,3,500.00,1500.00,0,John Doe,West
O1192,12-07-2023,Headphones,Electronics,Dell,1,2000.00,2000.00,0,Wei Chen,North
O1193,13-07-2023,Phone,Electronics,Dell,1,500.00,500.00,10,Maria Garcia,South
O1194,14-07-2023,Headphones,Electronics,Apple,1,500.00,500.00,0,Maria Garcia,West
O1195,15-07-2023,Tablet,Electronics,Lenovo,2,1500.00,3000.00,0,John Doe,North
O1196,16-07-2023,Tablet,Electronics,Dell,1,1000.00,1500.00,0,Jane Smith,East
O1197,17-07-2023,Laptop,Electronics,Lenovo,3,500.00,1500.00,0,Jane Smith,East
O1198,18-07-2023,Charger,Electronics,Dell,3,500.00,1500.00,0,Wei Chen,South
O1199,19-07-2023,Headphones,Electronics,HP,2,1000.00,2000.00,10,Wei Chen,West
O1200,20-07-2023,Phone,Electronics,Samsung,1,2000.00,500.00,10,Wei Chen,West
O1201,21-07-2023,Tablet,Electronics,Dell,3,1000.00,3000.00,0,Jane Smith,West
O1202,22-07-2023,Laptop,Electronics,Lenovo,1,1000.00,1000.00,0,Ali Khan,South
O1203,23-07-2023,Laptop,Electronics,HP,3,500.00,1500.00,10,Maria Garcia,West
O1204,24-07-2023,Headphones,Electronics,Dell,1,500.00,500.00,10,Ali Khan,East
O1205,25-07-2023,Tablet,Electronics,Apple,2,500.00,1000.00,10,Ali Khan,North
O1206,26-07-2023,Charger,Electronics,Samsung,1,500.00,500.00,10,Jane Smith,East
O1207,27-07-2023,Tablet,Electronics,Dell,3,1500.00,3000.00,0,Ali Khan,East
O1208,28-07-2023,Headphones,Electronics,HP,3,500.00,1500.00,0,John Doe,North
O1209,29-07-2023,Headphones,Electronics,Apple,3,2000.00,1500.00,0,Wei Chen,East
O1210,30-07-2023,Tablet,Electronics,HP,2,500.00,500.00,0,John Doe,South
O1211,31-07-2023,Headphones,Electronics,HP,2,500.00,1000.00,0,Maria Garcia,North
O1212,01-08-2023,Tablet,Electronics,Apple,1,1500.00,500.00,5,Wei Chen,East
O1213,02-08-2023,Phone,Electronics,HP,3,2000.00,6000.00,10,Ali Khan,North
O1214,03-08-2023,Tablet,Electronics,Apple,1,1000.00,1000.00,5,Maria Garcia,East
O1215,04-08-2023,Tablet,Electronics,Dell,2,500.00,1500.00,5,Wei Chen,South
O1216,05-08-2023,Headphones,Electronics,Apple,3,2000.00,6000.00,10,Ali Khan,West
O1217,06-08-2023,Headphones,Electronics,Apple,3,1500.00,4500.00,10,John Doe,East
O1218,07-08-2023,Laptop,Electronics,Samsung,2,1000.00,2000.00,10,Wei Chen,West
O1219,08-08-2023,Laptop,Electronics,Apple,3,1000.00,6000.00,10,Ali Khan,North
O1220,09-08-2023,Phone,Electronics,Apple,2,500.00,1000.00,10,John Doe,East
O1221,10-08-2023,Laptop,Electronics,Dell,2,500.00,1000.00,10,Maria Garcia,North
O1222,11-08-2023,Tablet,Electronics,Samsung,1,1500.00,1500.00,10,Maria Garcia,West
O1223,12-08-2023,Headphones,Electronics,Lenovo,1,500.00,4500.00,10,Maria Garcia,North
O1224,13-08-2023,Laptop,Electronics,Dell,2,1500.00,2000.00,10,Maria Garcia,North
O1225,14-08-2023,Laptop,Electronics,Dell,3,500.00,1500.00,5,Jane Smith,North
O1226,15-08-2023,Phone,Electronics,Lenovo,2,500.00,1000.00,0,Wei Chen,North
O1227,16-08-2023,Phone,Electronics,Apple,2,500.00,1000.00,0,Wei Chen,North
O1228,17-08-2023,Tablet,Electronics,HP,1,500.00,500.00,5,Jane Smith,East
O1229,18-08-2023,Headphones,Electronics,Samsung,2,2000.00,4000.00,5,Ali Khan,East
O1230,19-08-2023,Phone,Electronics,HP,3,1000.00,3000.00,5,Ali Khan,East
O1231,20-08-2023,Laptop,Electronics,Lenovo,1,1000.00,1500.00,5,Maria Garcia,North
O1232,21-08-2023,Headphones,Electronics,Dell,1,1500.00,1500.00,5,John Doe,North
O1233,22-08-2023,Headphones,Electronics,Dell,1,2000.00,2000.00,5,Ali Khan,North
O1234,23-08-2023,Laptop,Electronics,Samsung,1,1500.00,500.00,5,John Doe,South
O1235,24-08-2023,Phone,Electronics,Dell,3,500.00,1500.00,10,Wei Chen,North
O1236,25-08-2023,Laptop,Electronics,Dell,2,500.00,1000.00,10,John Doe,East
O1237,26-08-2023,Headphones,Electronics,Samsung,1,500.00,1500.00,10,Wei Chen,East
O1238,27-08-2023,Charger,Electronics,Samsung,1,500.00,1500.00,10,Jane Smith,South
O1239,28-08-2023,Charger,Electronics,Lenovo,1,1500.00,2000.00,0,Jane Smith,South
O1240,29-08-2023,Tablet,Electronics,Dell,1,2000.00,2000.00,10,Maria Garcia,North
O1241,30-08-2023,Laptop,Electronics,Dell,3,1000.00,3000.00,10,Ali Khan,West
O1242,31-08-2023,Laptop,Electronics,Lenovo,2,1500.00,1000.00,10,Maria Garcia,South
O1243,01-09-2023,Tablet,Electronics,Apple,2,1500.00,3000.00,10,Wei Chen,North
O1244,02-09-2023,Tablet,Electronics,Apple,3,1000.00,3000.00,0,Maria Garcia,East
O1245,03-09-2023,Tablet,Electronics,Apple,2,1000.00,2000.00,0,John Doe,North
O1246,04-09-2023,Headphones,Electronics,Lenovo,3,500.00,1500.00,5,Wei Chen,East
O1247,05-09-2023,Laptop,Electronics,Dell,2,1500.00,3000.00,10,Jane Smith,East
O1248,06-09-2023,Headphones,Electronics,Lenovo,1,1000.00,1000.00,5,Ali Khan,South
O1249,07-09-2023,Tablet,Electronics,Lenovo,2,1000.00,3000.00,10,Wei Chen,South
O1250,08-09-2023,Laptop,Electronics,Apple,2,1000.00,2000.00,0,Wei Chen,North
O1251,09-09-2023,Headphones,Electronics,HP,3,2000.00,6000.00,0,John Doe,East
O1252,10-09-2023,Headphones,Electronics,Dell,3,500.00,1500.00,5,Ali Khan,North
O1253,11-09-2023,Tablet,Electronics,Apple,2,500.00,3000.00,5,Jane Smith,West
O1254,12-09-2023,Laptop,Electronics,HP,3,1000.00,3000.00,5,Wei Chen,North
O1255,13-09-2023,Tablet,Electronics,HP,2,500.00,1000.00,0,Wei Chen,North
O1256,14-09-2023,Laptop,Electronics,Samsung,1,2000.00,2000.00,0,John Doe,North
O1257,15-09-2023,Charger,Electronics,Dell,1,2000.00,6000.00,0,Maria Garcia,North
O1258,16-09-2023,Phone,Electronics,HP,2,1000.00,2000.00,5,Jane Smith,North
O1259,17-09-2023,Phone,Electronics,Apple,2,1500.00,3000.00,10,Ali Khan,North
O1260,18-09-2023,Phone,Electronics,Samsung,3,2000.00,3000.00,5,Wei Chen,West
O1261,19-09-2023,Tablet,Electronics,Dell,2,2000.00,1000.00,10,Wei Chen,North
O1262,20-09-2023,Charger,Electronics,Lenovo,1,1500.00,2000.00,5,Jane Smith,North
O1263,21-09-2023,Laptop,Electronics,Apple,2,1000.00,2000.00,5,Maria Garcia,West
O1264,22-09-2023,Headphones,Electronics,HP,2,2000.00,2000.00,0,Wei Chen,East
O1265,23-09-2023,Laptop,Electronics,HP,3,1500.00,4500.00,0,Jane Smith,South
O1266,24-09-2023,Headphones,Electronics,Apple,3,1500.00,3000.00,0,John Doe,North
O1267,25-09-2023,Laptop,Electronics,HP,1,1000.00,1000.00,10,Maria Garcia,South
O1268,26-09-2023,Charger,Electronics,Samsung,1,2000.00,2000.00,10,Ali Khan,West
O1269,27-09-2023,Headphones,Electronics,Dell,2,1500.00,3000.00,5,Wei Chen,East
O1270,28-09-2023,Tablet,Electronics,Samsung,1,500.00,2000.00,5,Jane Smith,East
O1271,29-09-2023,Laptop,Electronics,HP,2,2000.00,4000.00,0,John Doe,East
O1272,30-09-2023,Laptop,Electronics,Lenovo,2,500.00,1000.00,0,Ali Khan,West
O1273,01-10-2023,Headphones,Electronics,Dell,1,2000.00,2000.00,0,Jane Smith,North
O1274,02-10-2023,Tablet,Electronics,Dell,2,1500.00,3000.00,10,Jane Smith,North
O1275,03-10-2023,Tablet,Electronics,Apple,2,1500.00,3000.00,10,Ali Khan,South
O1276,04-10-2023,Charger,Electronics,Apple,1,2000.00,2000.00,10,John Doe,North
O1277,05-10-2023,Tablet,Electronics,Lenovo,3,2000.00,4000.00,10,John Doe,North
O1278,06-10-2023,Tablet,Electronics,Dell,2,2000.00,1000.00,10,Maria Garcia,East
O1279,07-10-2023,Tablet,Electronics,Lenovo,2,1500.00,3000.00,5,Wei Chen,East
O1280,08-10-2023,Phone,Electronics,Apple,2,1000.00,2000.00,10,Ali Khan,South
O1281,09-10-2023,Charger,Electronics,Apple,2,2000.00,3000.00,5,Ali Khan,North
O1282,10-10-2023,Laptop,Electronics,Dell,3,2000.00,6000.00,10,Ali Khan,South
O1283,11-10-2023,Headphones,Electronics,Samsung,1,1500.00,4000.00,0,John Doe,South
O1284,12-10-2023,Laptop,Electronics,HP,2,2000.00,1000.00,0,Wei Chen,West
O1285,13-10-2023,Charger,Electronics,Apple,2,1500.00,3000.00,5,Maria Garcia,West
O1286,14-10-2023,Headphones,Electronics,Apple,3,1500.00,2000.00,10,Jane Smith,South
O1287,15-10-2023,Charger,Electronics,Samsung,3,2000.00,6000.00,0,Jane Smith,South
O1288,16-10-2023,Tablet,Electronics,Samsung,3,1500.00,6000.00,0,Ali Khan,South
O1289,17-10-2023,Headphones,Electronics,Lenovo,1,1000.00,1000.00,0,Wei Chen,North
O1290,18-10-2023,Tablet,Electronics,Lenovo,2,2000.00,1000.00,10,John Doe,West
O1291,19-10-2023,Laptop,Electronics,HP,3,1000.00,3000.00,5,Wei Chen,South
O1292,20-10-2023,Laptop,Electronics,HP,1,1000.00,1000.00,5,Wei Chen,East
O1293,21-10-2023,Headphones,Electronics,Dell,3,500.00,1500.00,5,John Doe,East
O1294,22-10-2023,Headphones,Electronics,Lenovo,1,2000.00,6000.00,0,Ali Khan,North
O1295,23-10-2023,Charger,Electronics,Apple,2,2000.00,4000.00,5,Wei Chen,North
O1296,24-10-2023,Charger,Electronics,Lenovo,3,1000.00,3000.00,5,Jane Smith,North
O1297,25-10-2023,Tablet,Electronics,Apple,3,500.00,1500.00,5,John Doe,North
O1298,26-10-2023,Headphones,Electronics,Samsung,1,1500.00,1000.00,5,Maria Garcia,North
O1299,27-10-2023,Laptop,Electronics,Lenovo,3,2000.00,6000.00,5,Ali Khan,North
O1300,28-10-2023,Charger,Electronics,Samsung,3,1000.00,3000.00,0,John Doe,North
O1301,29-10-2023,Charger,Electronics,HP,2,2000.00,4000.00,0,Maria Garcia,North
O1302,30-10-2023,Laptop,Electronics,HP,3,500.00,1500.00,0,Maria Garcia,East
O1303,31-10-2023,Charger,Electronics,Dell,2,1000.00,2000.00,10,Wei Chen,North
O1304,01-11-2023,Tablet,Electronics,Lenovo,2,2000.00,1000.00,5,Wei Chen,East
O1305,02-11-2023,Headphones,Electronics,Samsung,2,1000.00,2000.00,0,Wei Chen,North
O1306,03-11-2023,Laptop,Electronics,Apple,2,2000.00,4000.00,0,John Doe,North
O1307,04-11-2023,Headphones,Electronics,HP,1,2000.00,2000.00,0,John Doe,North
O1308,05-11-2023,Charger,Electronics,HP,3,2000.00,1500.00,10,Ali Khan,South
O1309,06-11-2023,Charger,Electronics,Apple,1,500.00,500.00,5,Wei Chen,South
O1310,07-11-2023,Laptop,Electronics,Samsung,3,2000.00,6000.00,5,Maria Garcia,West
O1311,08-11-2023,Tablet,Electronics,Samsung,1,2000.00,2000.00,5,Jane Smith,West
O1312,09-11-2023,Phone,Electronics,Lenovo,1,1000.00,1000.00,10,Ali Khan,West
O1313,10-11-2023,Laptop,Electronics,Lenovo,3,1500.00,4500.00,10,John Doe,South
O1314,11-11-2023,Phone,Electronics,Dell,3,500.00,1500.00,0,Ali Khan,South
O1315,12-11-2023,Phone,Electronics,HP,3,1500.00,500.00,0,Ali Khan,West
O1316,13-11-2023,Tablet,Electronics,Lenovo,1,2000.00,2000.00,0,Ali Khan,West
O1317,14-11-2023,Phone,Electronics,Samsung,1,500.00,500.00,10,Ali Khan,North
O1318,15-11-2023,Phone,Electronics,Apple,3,1000.00,3000.00,5,Jane Smith,West
O1319,16-11-2023,Tablet,Electronics,Samsung,3,500.00,4500.00,0,Wei Chen,North
O1320,17-11-2023,Phone,Electronics,HP,3,1000.00,1500.00,0,Maria Garcia,East
O1321,18-11-2023,Phone,Electronics,Samsung,2,1000.00,2000.00,5,Ali Khan,South
O1322,19-11-2023,Phone,Electronics,Dell,3,500.00,1500.00,0,Ali Khan,West
O1323,20-11-2023,Laptop,Electronics,HP,2,2000.00,500.00,5,Ali Khan,South
O1324,21-11-2023,Laptop,Electronics,Apple,3,1000.00,3000.00,5,Wei Chen,South
O1325,22-11-2023,Laptop,Electronics,Dell,2,500.00,1000.00,5,John Doe,South
O1326,23-11-2023,Tablet,Electronics,HP,3,1000.00,3000.00,5,John Doe,East
O1327,24-11-2023,Charger,Electronics,Apple,3,1500.00,4500.00,5,Jane Smith,North
O1328,25-11-2023,Phone,Electronics,Dell,3,2000.00,1500.00,10,John Doe,West
O1329,26-11-2023,Phone,Electronics,Dell,1,2000.00,2000.00,10,Ali Khan,North
O1330,27-11-2023,Tablet,Electronics,HP,2,1000.00,2000.00,10,Ali Khan,North
O1331,28-11-2023,Phone,Electronics,Lenovo,2,1500.00,1000.00,10,Ali Khan,North
O1332,29-11-2023,Laptop,Electronics,Dell,3,2000.00,3000.00,10,Jane Smith,South
O1333,30-11-2023,Charger,Electronics,Dell,3,2000.00,4500.00,10,Ali Khan,North
O1334,01-12-2023,Headphones,Electronics,Apple,1,1000.00,1000.00,5,John Doe,South
O1335,02-12-2023,Phone,Electronics,Samsung,1,500.00,500.00,5,Wei Chen,South
O1336,03-12-2023,Laptop,Electronics,HP,3,1000.00,3000.00,10,Wei Chen,North
O1337,04-12-2023,Headphones,Electronics,HP,2,1500.00,1000.00,0,Maria Garcia,South
O1338,05-12-2023,Charger,Electronics,Lenovo,1,2000.00,2000.00,5,John Doe,North
O1339,06-12-2023,Headphones,Electronics,Lenovo,3,1000.00,3000.00,5,Ali Khan,North
O1340,07-12-2023,Laptop,Electronics,HP,1,500.00,1000.00,0,Wei Chen,West
O1341,08-12-2023,Headphones,Electronics,Lenovo,2,1000.00,2000.00,0,John Doe,North
O1342,09-12-2023,Tablet,Electronics,Apple,3,500.00,3000.00,5,Wei Chen,North
O1343,10-12-2023,Headphones,Electronics,HP,1,500.00,500.00,5,Ali Khan,West
O1344,11-12-2023,Phone,Electronics,Lenovo,1,1500.00,1500.00,0,Wei Chen,East
O1345,12-12-2023,Phone,Electronics,HP,3,2000.00,6000.00,0,Maria Garcia,North
O1346,13-12-2023,Tablet,Electronics,Samsung,3,1000.00,3000.00,10,Maria Garcia,North
O1347,14-12-2023,Laptop,Electronics,Dell,1,500.00,500.00,10,Wei Chen,East
O1348,15-12-2023,Phone,Electronics,HP,2,1500.00,3000.00,10,John Doe,East
O1349,16-12-2023,Charger,Electronics,Dell,1,500.00,500.00,5,John Doe,North
O1350,17-12-2023,Phone,Electronics,Lenovo,2,2000.00,1500.00,10,John Doe,East
O1351,18-12-2023,Phone,Electronics,Dell,3,1500.00,4500.00,10,Wei Chen,South
O1352,19-12-2023,Laptop,Electronics,HP,2,2000.00,4000.00,10,John Doe,West
O1353,20-12-2023,Headphones,Electronics,Samsung,1,1500.00,1500.00,10,Ali Khan,West
O1354,21-12-2023,Phone,Electronics,Lenovo,3,1000.00,3000.00,10,Maria Garcia,West
O1355,22-12-2023,Tablet,Electronics,HP,1,500.00,500.00,10,Ali Khan,South
O1356,23-12-2023,Headphones,Electronics,Lenovo,1,1000.00,1500.00,0,John Doe,East
O1357,24-12-2023,Charger,Electronics,Apple,1,500.00,4500.00,5,Ali Khan,North
O1358,25-12-2023,Laptop,Electronics,Dell,2,500.00,4000.00,10,John Doe,East
O1359,26-12-2023,Charger,Electronics,Apple,1,500.00,1500.00,0,Wei Chen,North
O1360,27-12-2023,Headphones,Electronics,HP,2,1000.00,2000.00,0,Ali Khan,West
O1361,28-12-2023,Headphones,Electronics,Samsung,3,1500.00,4500.00,0,Wei Chen,East
O1362,29-12-2023,Headphones,Electronics,Lenovo,1,2000.00,1500.00,0,Wei Chen,North
O1363,30-12-2023,Charger,Electronics,Dell,1,1000.00,4500.00,10,Jane Smith,North
O1364,31-12-2023,Headphones,Electronics,Lenovo,3,1500.00,4500.00,10,John Doe,South
O1365,01-01-2024,Charger,Electronics,HP,1,1000.00,1500.00,5,Maria Garcia,South
O1366,02-01-2024,Headphones,Electronics,Lenovo,2,500.00,2000.00,10,John Doe,North
O1367,03-01-2024,Tablet,Electronics,Dell,2,500.00,1000.00,10,Maria Garcia,North
O1368,04-01-2024,Headphones,Electronics,HP,1,500.00,500.00,0,John Doe,West
O1369,05-01-2024,Charger,Electronics,Lenovo,1,1500.00,1500.00,5,Wei Chen,East
O1370,06-01-2024,Phone,Electronics,Samsung,1,2000.00,2000.00,10,Ali Khan,North
O1371,07-01-2024,Headphones,Electronics,HP,1,1500.00,1500.00,10,Ali Khan,South
O1372,08-01-2024,Phone,Electronics,HP,2,2000.00,2000.00,10,Jane Smith,North
O1373,09-01-2024,Tablet,Electronics,Samsung,3,1000.00,3000.00,0,Maria Garcia,North
O1374,10-01-2024,Laptop,Electronics,Apple,3,1000.00,3000.00,0,Maria Garcia,East
O1375,11-01-2024,Tablet,Electronics,Dell,2,500.00,1500.00,0,Maria Garcia,North
O1376,12-01-2024,Headphones,Electronics,Apple,2,2000.00,4000.00,10,Wei Chen,North
O1377,13-01-2024,Phone,Electronics,Lenovo,1,1000.00,1500.00,10,Maria Garcia,North
O1378,14-01-2024,Phone,Electronics,Samsung,3,500.00,1500.00,5,Ali Khan,West
O1379,15-01-2024,Charger,Electronics,Apple,3,2000.00,6000.00,5,Wei Chen,East
O1380,16-01-2024,Phone,Electronics,HP,1,1500.00,1500.00,5,John Doe,North
O1381,17-01-2024,Charger,Electronics,Lenovo,2,500.00,1500.00,5,Maria Garcia,West
O1382,18-01-2024,Laptop,Electronics,Lenovo,2,500.00,4000.00,0,Maria Garcia,North
O1383,19-01-2024,Headphones,Electronics,Apple,1,1500.00,1500.00,0,John Doe,North
O1384,20-01-2024,Charger,Electronics,Apple,3,500.00,1500.00,0,Maria Garcia,North
O1385,21-01-2024,Laptop,Electronics,Samsung,3,2000.00,6000.00,10,John Doe,West
O1386,22-01-2024,Phone,Electronics,Dell,2,1500.00,1500.00,0,Wei Chen,East
O1387,23-01-2024,Phone,Electronics,Apple,3,500.00,1500.00,0,Ali Khan,East
O1388,24-01-2024,Laptop,Electronics,Apple,2,2000.00,4000.00,0,John Doe,West
O1389,25-01-2024,Phone,Electronics,HP,2,1000.00,2000.00,10,Jane Smith,North
O1390,26-01-2024,Laptop,Electronics,Lenovo,3,2000.00,6000.00,10,John Doe,South
O1391,27-01-2024,Charger,Electronics,Dell,1,1000.00,6000.00,10,Maria Garcia,North
O1392,28-01-2024,Charger,Electronics,HP,2,2000.00,4000.00,5,Wei Chen,North
O1393,29-01-2024,Laptop,Electronics,Samsung,2,1500.00,3000.00,5,Wei Chen,West
O1394,30-01-2024,Charger,Electronics,Samsung,3,1000.00,4000.00,10,John Doe,North
O1395,31-01-2024,Charger,Electronics,Apple,1,1000.00,1000.00,0,Ali Khan,East
O1396,01-02-2024,Charger,Electronics,Apple,2,1500.00,3000.00,5,Jane Smith,South
O1397,02-02-2024,Tablet,Electronics,Samsung,1,2000.00,6000.00,0,Wei Chen,East
O1398,03-02-2024,Headphones,Electronics,Apple,2,500.00,4000.00,0,Maria Garcia,West
O1399,04-02-2024,Phone,Electronics,Dell,2,1000.00,3000.00,5,Maria Garcia,North
O1400,05-02-2024,Tablet,Electronics,Apple,1,1500.00,1500.00,10,Ali Khan,West
O1401,06-02-2024,Charger,Electronics,Lenovo,2,1000.00,2000.00,10,Wei Chen,North
O1402,07-02-2024,Laptop,Electronics,Apple,2,2000.00,3000.00,10,John Doe,North
O1403,08-02-2024,Charger,Electronics,HP,1,1000.00,1000.00,5,Maria Garcia,South
O1404,09-02-2024,Headphones,Electronics,Dell,2,500.00,4000.00,0,Ali Khan,North
O1405,10-02-2024,Charger,Electronics,HP,3,1500.00,4500.00,0,Wei Chen,North
O1406,11-02-2024,Laptop,Electronics,HP,2,1000.00,2000.00,0,Wei Chen,West
O1407,12-02-2024,Headphones,Electronics,Lenovo,2,2000.00,4000.00,0,Wei Chen,South
O1408,13-02-2024,Charger,Electronics,Dell,1,2000.00,2000.00,0,Wei Chen,North
O1409,14-02-2024,Headphones,Electronics,Dell,1,1000.00,1000.00,0,Wei Chen,North
O1410,15-02-2024,Phone,Electronics,Dell,2,2000.00,4000.00,5,Maria Garcia,East
O1411,16-02-2024,Phone,Electronics,Dell,3,1000.00,4500.00,5,Ali Khan,North
O1412,17-02-2024,Charger,Electronics,Dell,2,1000.00,2000.00,5,Wei Chen,West
O1413,18-02-2024,Headphones,Electronics,Lenovo,3,1500.00,4000.00,5,Jane Smith,North
O1414,19-02-2024,Laptop,Electronics,Apple,1,500.00,2000.00,5,Jane Smith,North
O1415,20-02-2024,Charger,Electronics,HP,1,1000.00,1000.00,5,Ali Khan,North
O1416,21-02-2024,Phone,Electronics,Dell,1,500.00,500.00,0,John Doe,South
O1417,22-02-2024,Phone,Electronics,Apple,3,2000.00,4500.00,5,John Doe,North
O1418,23-02-2024,Charger,Electronics,Apple,1,500.00,500.00,5,John Doe,West
O1419,24-02-2024,Headphones,Electronics,HP,2,2000.00,4000.00,0,Jane Smith,South
O1420,25-02-2024,Phone,Electronics,Lenovo,2,2000.00,4000.00,5,John Doe,East
O1421,26-02-2024,Headphones,Electronics,Samsung,1,1500.00,1000.00,0,Maria Garcia,West
O1422,27-02-2024,Phone,Electronics,Samsung,2,1500.00,500.00,0,Wei Chen,West
O1423,28-02-2024,Phone,Electronics,Apple,2,2000.00,4000.00,0,Jane Smith,West
O1424,29-02-2024,Tablet,Electronics,HP,3,1500.00,4500.00,10,Ali Khan,North
O1425,01-03-2024,Phone,Electronics,Samsung,3,2000.00,4000.00,10,Ali Khan,West
O1426,02-03-2024,Laptop,Electronics,Apple,2,2000.00,4000.00,10,Wei Chen,North
O1427,03-03-2024,Charger,Electronics,Lenovo,1,2000.00,1000.00,10,Jane Smith,West
O1428,04-03-2024,Charger,Electronics,Samsung,3,500.00,1500.00,10,John Doe,North
O1429,05-03-2024,Headphones,Electronics,Apple,1,500.00,500.00,5,John Doe,West
O1430,06-03-2024,Phone,Electronics,Apple,1,1500.00,4500.00,5,Maria Garcia,East
O1431,07-03-2024,Laptop,Electronics,Dell,1,2000.00,2000.00,10,Maria Garcia,East
O1432,08-03-2024,Headphones,Electronics,Lenovo,2,1000.00,4000.00,0,John Doe,North
O1433,09-03-2024,Tablet,Electronics,Dell,2,500.00,1000.00,5,Ali Khan,North
O1434,10-03-2024,Headphones,Electronics,HP,1,2000.00,1500.00,5,Ali Khan,North
O1435,11-03-2024,Headphones,Electronics,Dell,1,2000.00,500.00,10,Maria Garcia,South
O1436,12-03-2024,Phone,Electronics,Dell,3,2000.00,6000.00,0,Wei Chen,North
O1437,13-03-2024,Tablet,Electronics,Samsung,2,1000.00,2000.00,0,John Doe,West
O1438,14-03-2024,Headphones,Electronics,Apple,3,1500.00,4000.00,0,Maria Garcia,North
O1439,15-03-2024,Laptop,Electronics,Lenovo,2,2000.00,1000.00,5,Maria Garcia,South
O1440,16-03-2024,Laptop,Electronics,Dell,1,500.00,500.00,5,John Doe,North
O1441,17-03-2024,Charger,Electronics,Lenovo,1,1000.00,1000.00,5,John Doe,North
O1442,18-03-2024,Tablet,Electronics,Dell,3,2000.00,6000.00,10,Ali Khan,South
O1443,19-03-2024,Tablet,Electronics,HP,1,1000.00,1000.00,5,Wei Chen,North
O1444,20-03-2024,Charger,Electronics,Dell,2,500.00,1000.00,0,Wei Chen,West
O1445,21-03-2024,Headphones,Electronics,Samsung,2,500.00,1000.00,5,John Doe,South
O1446,22-03-2024,Tablet,Electronics,Apple,3,1000.00,3000.00,0,Jane Smith,East
O1447,23-03-2024,Laptop,Electronics,HP,1,1500.00,1000.00,5,Maria Garcia,North
O1448,24-03-2024,Laptop,Electronics,Dell,2,500.00,1000.00,5,Maria Garcia,East
O1449,25-03-2024,Phone,Electronics,Lenovo,2,500.00,1000.00,10,John Doe,North
O1450,26-03-2024,Tablet,Electronics,HP,2,500.00,1000.00,0,Jane Smith,West
O1451,27-03-2024,Headphones,Electronics,HP,2,1500.00,1000.00,5,Ali Khan,West
O1452,28-03-2024,Charger,Electronics,Dell,1,1500.00,1500.00,5,John Doe,North
O1453,29-03-2024,Charger,Electronics,HP,2,2000.00,4000.00,5,John Doe,East
O1454,30-03-2024,Headphones,Electronics,Lenovo,2,1000.00,1000.00,5,Maria Garcia,North
O1455,31-03-2024,Phone,Electronics,HP,2,2000.00,1000.00,5,John Doe,West
O1456,01-04-2024,Charger,Electronics,Lenovo,2,1000.00,2000.00,0,John Doe,South
O1457,02-04-2024,Tablet,Electronics,Dell,2,1500.00,1000.00,0,John Doe,West
O1458,03-04-2024,Phone,Electronics,Apple,1,1500.00,1500.00,0,Maria Garcia,South
O1459,04-04-2024,Tablet,Electronics,HP,2,2000.00,4000.00,0,Ali Khan,North
O1460,05-04-2024,Laptop,Electronics,Apple,1,1000.00,1000.00,10,Ali Khan,West
O1461,06-04-2024,Phone,Electronics,Lenovo,1,2000.00,2000.00,10,John Doe,West
O1462,07-04-2024,Charger,Electronics,HP,1,1000.00,1000.00,10,Maria Garcia,North
O1463,08-04-2024,Phone,Electronics,Samsung,1,2000.00,2000.00,0,Ali Khan,West
O1464,09-04-2024,Phone,Electronics,Apple,2,500.00,1000.00,5,Ali Khan,South
O1465,10-04-2024,Phone,Electronics,HP,1,1000.00,1000.00,10,Ali Khan,West
O1466,11-04-2024,Phone,Electronics,Apple,1,1000.00,1000.00,10,Maria Garcia,East
O1467,12-04-2024,Tablet,Electronics,HP,1,500.00,2000.00,0,Maria Garcia,North
O1468,13-04-2024,Laptop,Electronics,Dell,2,1500.00,3000.00,0,John Doe,South
O1469,14-04-2024,Headphones,Electronics,Apple,2,1000.00,2000.00,5,Wei Chen,East
O1470,15-04-2024,Phone,Electronics,Samsung,3,1500.00,4500.00,10,Ali Khan,North
O1471,16-04-2024,Charger,Electronics,Samsung,2,2000.00,4000.00,10,Wei Chen,South
O1472,17-04-2024,Phone,Electronics,Lenovo,2,500.00,1000.00,10,Maria Garcia,North
O1473,18-04-2024,Charger,Electronics,HP,3,1000.00,2000.00,10,Maria Garcia,North
O1474,19-04-2024,Tablet,Electronics,Apple,2,1500.00,3000.00,5,Maria Garcia,North
O1475,20-04-2024,Charger,Electronics,Lenovo,2,1000.00,2000.00,5,Wei Chen,North
O1476,21-04-2024,Headphones,Electronics,Apple,2,1500.00,3000.00,5,Maria Garcia,South
O1477,22-04-2024,Laptop,Electronics,HP,2,1000.00,2000.00,5,John Doe,West
O1478,23-04-2024,Charger,Electronics,Samsung,3,1500.00,4500.00,5,Maria Garcia,North
O1479,24-04-2024,Charger,Electronics,Dell,2,1000.00,2000.00,10,Jane Smith,West
O1480,25-04-2024,Laptop,Electronics,Samsung,2,2000.00,4000.00,10,Wei Chen,East
O1481,26-04-2024,Headphones,Electronics,Lenovo,3,1000.00,3000.00,10,Jane Smith,North
O1482,27-04-2024,Phone,Electronics,Dell,2,1000.00,3000.00,10,Maria Garcia,West
O1483,28-04-2024,Charger,Electronics,Lenovo,1,500.00,500.00,10,John Doe,North
O1484,29-04-2024,Laptop,Electronics,HP,3,1000.00,4500.00,0,Ali Khan,West
O1485,30-04-2024,Tablet,Electronics,Dell,3,500.00,1500.00,10,Maria Garcia,East
O1486,01-05-2024,Laptop,Electronics,Lenovo,1,1000.00,4000.00,5,John Doe,North
O1487,02-05-2024,Tablet,Electronics,HP,3,500.00,1500.00,10,Wei Chen,East
O1488,03-05-2024,Headphones,Electronics,Samsung,3,2000.00,6000.00,5,Jane Smith,North
O1489,04-05-2024,Phone,Electronics,HP,2,500.00,1000.00,5,Jane Smith,North
O1490,05-05-2024,Laptop,Electronics,Apple,1,1000.00,4500.00,0,Jane Smith,North
O1491,06-05-2024,Charger,Electronics,HP,2,2000.00,4000.00,0,Wei Chen,East
O1492,07-05-2024,Headphones,Electronics,HP,1,1500.00,1500.00,5,John Doe,West
O1493,08-05-2024,Laptop,Electronics,Apple,3,1500.00,4500.00,5,Wei Chen,East
O1494,09-05-2024,Charger,Electronics,Lenovo,3,500.00,1500.00,5,Jane Smith,North
O1495,10-05-2024,Laptop,Electronics,Lenovo,2,500.00,1000.00,0,Maria Garcia,North
O1496,11-05-2024,Tablet,Electronics,HP,1,1000.00,4500.00,10,Ali Khan,North
O1497,12-05-2024,Laptop,Electronics,Apple,2,2000.00,4000.00,10,Wei Chen,South
O1498,13-05-2024,Laptop,Electronics,Apple,1,1000.00,1500.00,10,Wei Chen,South
O1499,14-05-2024,Laptop,Electronics,Samsung,3,1000.00,4500.00,10,John Doe,West
